Year,borough,geography,geography_id,Mean (mcg per cubic meter),10th Percentile (mcg per cubic meter),90th Percentile (mcg per cubic meter),
Summer 2009,New York City, New York City,1,10.7 ,9.7 ,11.9 ,
Summer 2010,New York City, New York City,1,11.8 ,11.0 ,13.1 ,
Summer 2011,New York City, New York City,1,11.5 ,10.7 ,12.6 ,
Summer 2012,New York City, New York City,1,10.3 ,9.5 ,11.4 ,
Summer 2013,New York City, New York City,1,10.2 ,9.1 ,11.3 ,
Summer 2014,New York City, New York City,1,8.5 ,7.5 ,9.9 ,
Winter 2008-09,New York City, New York City,1,12.9 ,11.2 ,14.8 ,
Winter 2009-10,New York City, New York City,1,9.9 ,8.6 ,11.5 ,
Winter 2010-11,New York City, New York City,1,12.6 ,11.2 ,14.4 ,
Winter 2011-12,New York City, New York City,1,9.2 ,7.9 ,10.9 ,
Winter 2012-13,New York City, New York City,1,10.3 ,9.3 ,12.1 ,
Winter 2013-14,New York City, New York City,1,11.9 ,10.6 ,13.4 ,
Summer 2009,Bronx, Bronx,1,10.7 ,9.9 ,11.7 ,
Summer 2010,Bronx, Bronx,1,12.1 ,11.4 ,13.0 ,
Summer 2011,Bronx, Bronx,1,11.7 ,10.9 ,12.5 ,
Summer 2012,Bronx, Bronx,1,10.5 ,9.8 ,11.4 ,
Summer 2013,Bronx, Bronx,1,10.4 ,9.7 ,11.3 ,
Summer 2014,Bronx, Bronx,1,8.8 ,8.2 ,9.7 ,
Winter 2008-09,Bronx, Bronx,1,14.1 ,12.8 ,15.3 ,
Winter 2009-10,Bronx, Bronx,1,10.9 ,9.6 ,12.4 ,
Winter 2010-11,Bronx, Bronx,1,13.8 ,12.9 ,14.9 ,
Winter 2011-12,Bronx, Bronx,1,9.9 ,8.7 ,11.3 ,
Winter 2012-13,Bronx, Bronx,1,11.2 ,10.1 ,12.4 ,
Winter 2013-14,Bronx, Bronx,1,12.5 ,11.7 ,13.5 ,
Summer 2009,Brooklyn, Brooklyn,2,10.9 ,10.1 ,12.0 ,
Summer 2010,Brooklyn, Brooklyn,2,12.0 ,11.2 ,13.1 ,
Summer 2011,Brooklyn, Brooklyn,2,11.6 ,10.8 ,12.6 ,
Summer 2012,Brooklyn, Brooklyn,2,10.4 ,9.7 ,11.5 ,
Summer 2013,Brooklyn, Brooklyn,2,10.3 ,9.5 ,11.3 ,
Summer 2014,Brooklyn, Brooklyn,2,8.8 ,7.9 ,10.2 ,
Winter 2008-09,Brooklyn, Brooklyn,2,12.9 ,11.2 ,14.4 ,
Winter 2009-10,Brooklyn, Brooklyn,2,10.0 ,9.0 ,10.9 ,
Winter 2010-11,Brooklyn, Brooklyn,2,12.6 ,11.4 ,14.0 ,
Winter 2011-12,Brooklyn, Brooklyn,2,9.2 ,7.9 ,10.5 ,
Winter 2012-13,Brooklyn, Brooklyn,2,10.3 ,9.5 ,11.5 ,
Winter 2013-14,Brooklyn, Brooklyn,2,11.9 ,10.8 ,13.2 ,
Summer 2009,Manhattan, Manhattan,3,12.6 ,11.0 ,14.9 ,
Summer 2010,Manhattan, Manhattan,3,13.4 ,12.2 ,15.3 ,
Summer 2011,Manhattan, Manhattan,3,12.9 ,11.6 ,14.7 ,
Summer 2012,Manhattan, Manhattan,3,11.8 ,10.5 ,13.9 ,
Summer 2013,Manhattan, Manhattan,3,11.8 ,10.4 ,14.0 ,
Summer 2014,Manhattan, Manhattan,3,10.3 ,8.9 ,12.3 ,
Winter 2008-09,Manhattan, Manhattan,3,15.3 ,14.0 ,17.4 ,
Winter 2009-10,Manhattan, Manhattan,3,12.0 ,10.2 ,14.1 ,
Winter 2010-11,Manhattan, Manhattan,3,14.8 ,13.8 ,16.2 ,
Winter 2011-12,Manhattan, Manhattan,3,11.3 ,10.1 ,13.0 ,
Winter 2012-13,Manhattan, Manhattan,3,12.8 ,11.6 ,14.9 ,
Winter 2013-14,Manhattan, Manhattan,3,14.1 ,12.7 ,16.3 ,
Summer 2009,Queens, Queens,4,10.3 ,9.5 ,11.2 ,
Summer 2010,Queens, Queens,4,11.5 ,10.8 ,12.4 ,
Summer 2011,Queens, Queens,4,11.2 ,10.6 ,12.0 ,
Summer 2012,Queens, Queens,4,10.1 ,9.4 ,10.8 ,
Summer 2013,Queens, Queens,4,10.1 ,9.5 ,10.8 ,
Summer 2014,Queens, Queens,4,8.2 ,7.5 ,9.1 ,
Winter 2008-09,Queens, Queens,4,12.6 ,11.4 ,13.7 ,
Winter 2009-10,Queens, Queens,4,9.4 ,8.5 ,10.3 ,
Winter 2010-11,Queens, Queens,4,12.1 ,11.1 ,13.2 ,
Winter 2011-12,Queens, Queens,4,8.8 ,7.8 ,9.8 ,
Winter 2012-13,Queens, Queens,4,9.9 ,9.1 ,10.9 ,
Winter 2013-14,Queens, Queens,4,11.2 ,10.1 ,12.5 ,
Summer 2009,Staten Island, Staten Island,5,10.5 ,10.1 ,11.1 ,
Summer 2010,Staten Island, Staten Island,5,11.4 ,11.1 ,12.0 ,
Summer 2011,Staten Island, Staten Island,5,11.1 ,10.8 ,11.6 ,
Summer 2012,Staten Island, Staten Island,5,9.9 ,9.6 ,10.4 ,
Summer 2013,Staten Island, Staten Island,5,9.3 ,8.9 ,9.9 ,
Summer 2014,Staten Island, Staten Island,5,7.8 ,7.3 ,8.5 ,
Winter 2008-09,Staten Island, Staten Island,5,11.8 ,10.9 ,12.8 ,
Winter 2009-10,Staten Island, Staten Island,5,9.1 ,8.5 ,9.8 ,
Winter 2010-11,Staten Island, Staten Island,5,11.7 ,11.1 ,12.4 ,
Winter 2011-12,Staten Island, Staten Island,5,8.4 ,7.6 ,9.3 ,
Winter 2012-13,Staten Island, Staten Island,5,9.7 ,9.3 ,10.3 ,
Winter 2013-14,Staten Island, Staten Island,5,11.8 ,11.3 ,12.5 ,
Summer 2009,Brooklyn, Bay Ridge and Dyker Heights (CD10),310,10.8 ,10.3 ,11.5 ,
Summer 2010,Brooklyn, Bay Ridge and Dyker Heights (CD10),310,11.7 ,11.3 ,12.4 ,
Summer 2011,Brooklyn, Bay Ridge and Dyker Heights (CD10),310,11.3 ,10.9 ,12.1 ,
Summer 2012,Brooklyn, Bay Ridge and Dyker Heights (CD10),310,10.2 ,9.8 ,10.9 ,
Summer 2013,Brooklyn, Bay Ridge and Dyker Heights (CD10),310,9.9 ,9.4 ,10.6 ,
Summer 2014,Brooklyn, Bay Ridge and Dyker Heights (CD10),310,8.5 ,8.1 ,9.2 ,
Winter 2008-09,Brooklyn, Bay Ridge and Dyker Heights (CD10),310,12.3 ,11.6 ,13.1 ,
Winter 2009-10,Brooklyn, Bay Ridge and Dyker Heights (CD10),310,9.8 ,9.2 ,10.6 ,
Winter 2010-11,Brooklyn, Bay Ridge and Dyker Heights (CD10),310,12.5 ,12.0 ,13.2 ,
Winter 2011-12,Brooklyn, Bay Ridge and Dyker Heights (CD10),310,9.0 ,8.4 ,9.8 ,
Winter 2012-13,Brooklyn, Bay Ridge and Dyker Heights (CD10),310,10.1 ,9.6 ,10.8 ,
Winter 2013-14,Brooklyn, Bay Ridge and Dyker Heights (CD10),310,11.8 ,11.3 ,12.5 ,
Summer 2009,Queens, Bayside and Little Neck (CD11),411,9.9 ,9.4 ,10.5 ,
Summer 2010,Queens, Bayside and Little Neck (CD11),411,11.3 ,10.9 ,11.9 ,
Summer 2011,Queens, Bayside and Little Neck (CD11),411,11.0 ,10.6 ,11.6 ,
Summer 2012,Queens, Bayside and Little Neck (CD11),411,9.8 ,9.4 ,10.5 ,
Summer 2013,Queens, Bayside and Little Neck (CD11),411,9.9 ,9.5 ,10.6 ,
Summer 2014,Queens, Bayside and Little Neck (CD11),411,7.9 ,7.6 ,8.6 ,
Winter 2008-09,Queens, Bayside and Little Neck (CD11),411,12.2 ,11.6 ,12.9 ,
Winter 2009-10,Queens, Bayside and Little Neck (CD11),411,9.1 ,8.6 ,9.8 ,
Winter 2010-11,Queens, Bayside and Little Neck (CD11),411,12.1 ,11.7 ,12.8 ,
Winter 2011-12,Queens, Bayside and Little Neck (CD11),411,8.9 ,8.5 ,9.6 ,
Winter 2012-13,Queens, Bayside and Little Neck (CD11),411,9.4 ,8.9 ,10.1 ,
Winter 2013-14,Queens, Bayside and Little Neck (CD11),411,10.9 ,10.4 ,11.5 ,
Summer 2009,Brooklyn, Bedford Stuyvesant (CD3),303,11.0 ,10.6 ,11.6 ,
Summer 2010,Brooklyn, Bedford Stuyvesant (CD3),303,12.0 ,11.6 ,12.6 ,
Summer 2011,Brooklyn, Bedford Stuyvesant (CD3),303,11.6 ,11.2 ,12.1 ,
Summer 2012,Brooklyn, Bedford Stuyvesant (CD3),303,10.5 ,10.1 ,11.0 ,
Summer 2013,Brooklyn, Bedford Stuyvesant (CD3),303,10.4 ,10.0 ,10.9 ,
Summer 2014,Brooklyn, Bedford Stuyvesant (CD3),303,9.1 ,8.6 ,9.7 ,
Winter 2008-09,Brooklyn, Bedford Stuyvesant (CD3),303,13.7 ,13.3 ,14.1 ,
Winter 2009-10,Brooklyn, Bedford Stuyvesant (CD3),303,10.1 ,9.8 ,10.5 ,
Winter 2010-11,Brooklyn, Bedford Stuyvesant (CD3),303,12.9 ,12.4 ,13.5 ,
Winter 2011-12,Brooklyn, Bedford Stuyvesant (CD3),303,9.5 ,9.0 ,10.1 ,
Winter 2012-13,Brooklyn, Bedford Stuyvesant (CD3),303,10.4 ,10.0 ,11.0 ,
Winter 2013-14,Brooklyn, Bedford Stuyvesant (CD3),303,12.1 ,11.6 ,12.7 ,
Summer 2009,Bronx, Belmont and East Tremont (CD6),206,11.1 ,10.5 ,11.8 ,
Summer 2010,Bronx, Belmont and East Tremont (CD6),206,12.4 ,11.8 ,13.1 ,
Summer 2011,Bronx, Belmont and East Tremont (CD6),206,11.9 ,11.4 ,12.6 ,
Summer 2012,Bronx, Belmont and East Tremont (CD6),206,10.8 ,10.2 ,11.5 ,
Summer 2013,Bronx, Belmont and East Tremont (CD6),206,10.7 ,10.2 ,11.4 ,
Summer 2014,Bronx, Belmont and East Tremont (CD6),206,9.1 ,8.5 ,9.8 ,
Winter 2008-09,Bronx, Belmont and East Tremont (CD6),206,14.8 ,14.1 ,15.4 ,
Winter 2009-10,Bronx, Belmont and East Tremont (CD6),206,11.8 ,11.1 ,12.5 ,
Winter 2010-11,Bronx, Belmont and East Tremont (CD6),206,14.4 ,13.8 ,15.1 ,
Winter 2011-12,Bronx, Belmont and East Tremont (CD6),206,10.6 ,10.0 ,11.4 ,
Winter 2012-13,Bronx, Belmont and East Tremont (CD6),206,11.7 ,11.1 ,12.4 ,
Winter 2013-14,Bronx, Belmont and East Tremont (CD6),206,12.8 ,12.3 ,13.5 ,
Summer 2009,Brooklyn, Bensonhurst (CD11),311,10.5 ,10.4 ,10.7 ,
Summer 2010,Brooklyn, Bensonhurst (CD11),311,11.5 ,11.3 ,11.7 ,
Summer 2011,Brooklyn, Bensonhurst (CD11),311,11.1 ,11.0 ,11.3 ,
Summer 2012,Brooklyn, Bensonhurst (CD11),311,10.0 ,9.8 ,10.2 ,
Summer 2013,Brooklyn, Bensonhurst (CD11),311,9.8 ,9.6 ,10.0 ,
Summer 2014,Brooklyn, Bensonhurst (CD11),311,8.2 ,8.0 ,8.5 ,
Winter 2008-09,Brooklyn, Bensonhurst (CD11),311,11.7 ,11.3 ,12.2 ,
Winter 2009-10,Brooklyn, Bensonhurst (CD11),311,9.5 ,9.2 ,9.8 ,
Winter 2010-11,Brooklyn, Bensonhurst (CD11),311,12.0 ,11.8 ,12.3 ,
Winter 2011-12,Brooklyn, Bensonhurst (CD11),311,8.6 ,8.2 ,8.9 ,
Winter 2012-13,Brooklyn, Bensonhurst (CD11),311,9.9 ,9.7 ,10.1 ,
Winter 2013-14,Brooklyn, Bensonhurst (CD11),311,11.4 ,11.2 ,11.6 ,
Summer 2009,Brooklyn, Borough Park (CD12),312,10.8 ,10.6 ,10.9 ,
Summer 2010,Brooklyn, Borough Park (CD12),312,11.7 ,11.5 ,11.9 ,
Summer 2011,Brooklyn, Borough Park (CD12),312,11.3 ,11.2 ,11.5 ,
Summer 2012,Brooklyn, Borough Park (CD12),312,10.2 ,10.0 ,10.4 ,
Summer 2013,Brooklyn, Borough Park (CD12),312,10.0 ,9.8 ,10.2 ,
Summer 2014,Brooklyn, Borough Park (CD12),312,8.6 ,8.3 ,8.8 ,
Winter 2008-09,Brooklyn, Borough Park (CD12),312,12.6 ,12.1 ,13.1 ,
Winter 2009-10,Brooklyn, Borough Park (CD12),312,10.1 ,9.7 ,10.4 ,
Winter 2010-11,Brooklyn, Borough Park (CD12),312,12.6 ,12.2 ,12.8 ,
Winter 2011-12,Brooklyn, Borough Park (CD12),312,9.2 ,8.8 ,9.5 ,
Winter 2012-13,Brooklyn, Borough Park (CD12),312,10.1 ,9.9 ,10.3 ,
Winter 2013-14,Brooklyn, Borough Park (CD12),312,11.7 ,11.4 ,11.9 ,
Summer 2009,Brooklyn, Brownsville (CD16),316,11.0 ,10.5 ,11.9 ,
Summer 2010,Brooklyn, Brownsville (CD16),316,12.0 ,11.6 ,13.0 ,
Summer 2011,Brooklyn, Brownsville (CD16),316,11.7 ,11.2 ,12.6 ,
Summer 2012,Brooklyn, Brownsville (CD16),316,10.5 ,10.0 ,11.5 ,
Summer 2013,Brooklyn, Brownsville (CD16),316,10.4 ,10.0 ,11.4 ,
Summer 2014,Brooklyn, Brownsville (CD16),316,9.0 ,8.5 ,9.9 ,
Winter 2008-09,Brooklyn, Brownsville (CD16),316,13.7 ,13.2 ,14.5 ,
Winter 2009-10,Brooklyn, Brownsville (CD16),316,10.4 ,10.0 ,11.4 ,
Winter 2010-11,Brooklyn, Brownsville (CD16),316,12.7 ,12.3 ,13.6 ,
Winter 2011-12,Brooklyn, Brownsville (CD16),316,9.4 ,9.0 ,10.3 ,
Winter 2012-13,Brooklyn, Brownsville (CD16),316,10.4 ,10.0 ,11.4 ,
Winter 2013-14,Brooklyn, Brownsville (CD16),316,11.9 ,11.5 ,12.8 ,
Summer 2009,Brooklyn, Bushwick (CD4),304,11.0 ,10.3 ,12.1 ,
Summer 2010,Brooklyn, Bushwick (CD4),304,12.1 ,11.5 ,13.2 ,
Summer 2011,Brooklyn, Bushwick (CD4),304,11.6 ,11.1 ,12.7 ,
Summer 2012,Brooklyn, Bushwick (CD4),304,10.5 ,9.9 ,11.6 ,
Summer 2013,Brooklyn, Bushwick (CD4),304,10.4 ,9.8 ,11.5 ,
Summer 2014,Brooklyn, Bushwick (CD4),304,9.0 ,8.4 ,10.2 ,
Winter 2008-09,Brooklyn, Bushwick (CD4),304,13.6 ,13.1 ,14.6 ,
Winter 2009-10,Brooklyn, Bushwick (CD4),304,10.0 ,9.5 ,10.9 ,
Winter 2010-11,Brooklyn, Bushwick (CD4),304,12.8 ,12.1 ,13.9 ,
Winter 2011-12,Brooklyn, Bushwick (CD4),304,9.3 ,8.7 ,10.4 ,
Winter 2012-13,Brooklyn, Bushwick (CD4),304,10.4 ,9.8 ,11.5 ,
Winter 2013-14,Brooklyn, Bushwick (CD4),304,12.1 ,11.4 ,13.3 ,
Summer 2009,Manhattan, Central Harlem (CD10),110,11.3 ,11.1 ,11.7 ,
Summer 2010,Manhattan, Central Harlem (CD10),110,12.4 ,12.2 ,12.7 ,
Summer 2011,Manhattan, Central Harlem (CD10),110,11.9 ,11.7 ,12.1 ,
Summer 2012,Manhattan, Central Harlem (CD10),110,10.8 ,10.6 ,11.1 ,
Summer 2013,Manhattan, Central Harlem (CD10),110,10.7 ,10.5 ,11.0 ,
Summer 2014,Manhattan, Central Harlem (CD10),110,9.1 ,8.8 ,9.3 ,
Winter 2008-09,Manhattan, Central Harlem (CD10),110,14.5 ,14.2 ,14.9 ,
Winter 2009-10,Manhattan, Central Harlem (CD10),110,11.5 ,11.0 ,11.9 ,
Winter 2010-11,Manhattan, Central Harlem (CD10),110,14.3 ,14.1 ,14.6 ,
Winter 2011-12,Manhattan, Central Harlem (CD10),110,10.8 ,10.6 ,11.1 ,
Winter 2012-13,Manhattan, Central Harlem (CD10),110,12.1 ,11.8 ,12.4 ,
Winter 2013-14,Manhattan, Central Harlem (CD10),110,13.0 ,12.8 ,13.4 ,
Summer 2009,Manhattan, Clinton and Chelsea (CD4),104,13.3 ,11.8 ,14.9 ,
Summer 2010,Manhattan, Clinton and Chelsea (CD4),104,14.1 ,12.8 ,15.3 ,
Summer 2011,Manhattan, Clinton and Chelsea (CD4),104,13.5 ,12.2 ,14.8 ,
Summer 2012,Manhattan, Clinton and Chelsea (CD4),104,12.5 ,11.1 ,13.9 ,
Summer 2013,Manhattan, Clinton and Chelsea (CD4),104,12.5 ,11.0 ,14.0 ,
Summer 2014,Manhattan, Clinton and Chelsea (CD4),104,11.1 ,9.8 ,12.4 ,
Winter 2008-09,Manhattan, Clinton and Chelsea (CD4),104,15.5 ,13.7 ,17.4 ,
Winter 2009-10,Manhattan, Clinton and Chelsea (CD4),104,11.7 ,9.6 ,13.9 ,
Winter 2010-11,Manhattan, Clinton and Chelsea (CD4),104,15.0 ,13.8 ,16.3 ,
Winter 2011-12,Manhattan, Clinton and Chelsea (CD4),104,11.5 ,9.9 ,13.0 ,
Winter 2012-13,Manhattan, Clinton and Chelsea (CD4),104,13.3 ,11.7 ,14.9 ,
Winter 2013-14,Manhattan, Clinton and Chelsea (CD4),104,14.9 ,13.4 ,16.4 ,
Summer 2009,Brooklyn, Coney Island (CD13),313,10.4 ,10.1 ,10.7 ,
Summer 2010,Brooklyn, Coney Island (CD13),313,11.3 ,11.1 ,11.6 ,
Summer 2011,Brooklyn, Coney Island (CD13),313,11.0 ,10.8 ,11.3 ,
Summer 2012,Brooklyn, Coney Island (CD13),313,9.9 ,9.6 ,10.1 ,
Summer 2013,Brooklyn, Coney Island (CD13),313,9.6 ,9.3 ,10.0 ,
Summer 2014,Brooklyn, Coney Island (CD13),313,7.9 ,7.6 ,8.2 ,
Winter 2008-09,Brooklyn, Coney Island (CD13),313,10.8 ,10.4 ,11.2 ,
Winter 2009-10,Brooklyn, Coney Island (CD13),313,8.8 ,8.4 ,9.3 ,
Winter 2010-11,Brooklyn, Coney Island (CD13),313,11.5 ,11.2 ,11.7 ,
Winter 2011-12,Brooklyn, Coney Island (CD13),313,7.9 ,7.5 ,8.2 ,
Winter 2012-13,Brooklyn, Coney Island (CD13),313,9.7 ,9.3 ,10.0 ,
Winter 2013-14,Brooklyn, Coney Island (CD13),313,11.0 ,10.8 ,11.3 ,
Summer 2009,Brooklyn, Crown Heights and Prospect Heights (CD8),308,11.0 ,10.7 ,11.3 ,
Summer 2010,Brooklyn, Crown Heights and Prospect Heights (CD8),308,12.0 ,11.7 ,12.3 ,
Summer 2011,Brooklyn, Crown Heights and Prospect Heights (CD8),308,11.5 ,11.3 ,11.8 ,
Summer 2012,Brooklyn, Crown Heights and Prospect Heights (CD8),308,10.4 ,10.2 ,10.7 ,
Summer 2013,Brooklyn, Crown Heights and Prospect Heights (CD8),308,10.3 ,10.1 ,10.6 ,
Summer 2014,Brooklyn, Crown Heights and Prospect Heights (CD8),308,9.0 ,8.7 ,9.4 ,
Winter 2008-09,Brooklyn, Crown Heights and Prospect Heights (CD8),308,13.7 ,13.4 ,14.0 ,
Winter 2009-10,Brooklyn, Crown Heights and Prospect Heights (CD8),308,10.3 ,10.1 ,10.6 ,
Winter 2010-11,Brooklyn, Crown Heights and Prospect Heights (CD8),308,12.9 ,12.5 ,13.4 ,
Winter 2011-12,Brooklyn, Crown Heights and Prospect Heights (CD8),308,9.6 ,9.2 ,10.1 ,
Winter 2012-13,Brooklyn, Crown Heights and Prospect Heights (CD8),308,10.4 ,10.1 ,10.7 ,
Winter 2013-14,Brooklyn, Crown Heights and Prospect Heights (CD8),308,12.0 ,11.7 ,12.4 ,
Summer 2009,Brooklyn, East Flatbush (CD17),317,10.9 ,10.5 ,11.4 ,
Summer 2010,Brooklyn, East Flatbush (CD17),317,11.9 ,11.6 ,12.4 ,
Summer 2011,Brooklyn, East Flatbush (CD17),317,11.5 ,11.2 ,12.0 ,
Summer 2012,Brooklyn, East Flatbush (CD17),317,10.4 ,10.0 ,10.8 ,
Summer 2013,Brooklyn, East Flatbush (CD17),317,10.3 ,9.9 ,10.8 ,
Summer 2014,Brooklyn, East Flatbush (CD17),317,8.9 ,8.5 ,9.3 ,
Winter 2008-09,Brooklyn, East Flatbush (CD17),317,13.3 ,12.8 ,13.9 ,
Winter 2009-10,Brooklyn, East Flatbush (CD17),317,10.3 ,9.9 ,10.9 ,
Winter 2010-11,Brooklyn, East Flatbush (CD17),317,12.7 ,12.3 ,13.2 ,
Winter 2011-12,Brooklyn, East Flatbush (CD17),317,9.3 ,9.0 ,9.9 ,
Winter 2012-13,Brooklyn, East Flatbush (CD17),317,10.3 ,9.9 ,10.8 ,
Winter 2013-14,Brooklyn, East Flatbush (CD17),317,11.8 ,11.4 ,12.3 ,
Summer 2009,Manhattan, East Harlem (CD11),111,11.5 ,11.1 ,11.9 ,
Summer 2010,Manhattan, East Harlem (CD11),111,12.6 ,12.3 ,13.0 ,
Summer 2011,Manhattan, East Harlem (CD11),111,12.1 ,11.8 ,12.4 ,
Summer 2012,Manhattan, East Harlem (CD11),111,11.0 ,10.7 ,11.4 ,
Summer 2013,Manhattan, East Harlem (CD11),111,10.9 ,10.6 ,11.3 ,
Summer 2014,Manhattan, East Harlem (CD11),111,9.3 ,8.9 ,9.6 ,
Winter 2008-09,Manhattan, East Harlem (CD11),111,14.2 ,13.7 ,14.5 ,
Winter 2009-10,Manhattan, East Harlem (CD11),111,10.8 ,10.3 ,11.2 ,
Winter 2010-11,Manhattan, East Harlem (CD11),111,14.1 ,13.8 ,14.4 ,
Winter 2011-12,Manhattan, East Harlem (CD11),111,10.6 ,10.2 ,10.8 ,
Winter 2012-13,Manhattan, East Harlem (CD11),111,12.0 ,11.6 ,12.3 ,
Winter 2013-14,Manhattan, East Harlem (CD11),111,13.1 ,12.8 ,13.5 ,
Summer 2009,Brooklyn, East New York and Starrett City (CD5),305,10.7 ,10.0 ,11.9 ,
Summer 2010,Brooklyn, East New York and Starrett City (CD5),305,11.9 ,11.2 ,13.0 ,
Summer 2011,Brooklyn, East New York and Starrett City (CD5),305,11.5 ,10.8 ,12.7 ,
Summer 2012,Brooklyn, East New York and Starrett City (CD5),305,10.4 ,9.7 ,11.5 ,
Summer 2013,Brooklyn, East New York and Starrett City (CD5),305,10.3 ,9.6 ,11.5 ,
Summer 2014,Brooklyn, East New York and Starrett City (CD5),305,8.7 ,8.0 ,9.9 ,
Winter 2008-09,Brooklyn, East New York and Starrett City (CD5),305,13.4 ,12.6 ,14.6 ,
Winter 2009-10,Brooklyn, East New York and Starrett City (CD5),305,10.2 ,9.3 ,11.4 ,
Winter 2010-11,Brooklyn, East New York and Starrett City (CD5),305,12.3 ,11.6 ,13.5 ,
Winter 2011-12,Brooklyn, East New York and Starrett City (CD5),305,9.0 ,8.2 ,10.1 ,
Winter 2012-13,Brooklyn, East New York and Starrett City (CD5),305,10.3 ,9.5 ,11.4 ,
Winter 2013-14,Brooklyn, East New York and Starrett City (CD5),305,11.6 ,10.9 ,12.8 ,
Summer 2009,Queens, Elmhurst and Corona (CD4),404,10.8 ,10.3 ,11.4 ,
Summer 2010,Queens, Elmhurst and Corona (CD4),404,12.0 ,11.6 ,12.6 ,
Summer 2011,Queens, Elmhurst and Corona (CD4),404,11.6 ,11.2 ,12.2 ,
Summer 2012,Queens, Elmhurst and Corona (CD4),404,10.5 ,10.0 ,11.1 ,
Summer 2013,Queens, Elmhurst and Corona (CD4),404,10.5 ,10.0 ,11.1 ,
Summer 2014,Queens, Elmhurst and Corona (CD4),404,8.7 ,8.2 ,9.2 ,
Winter 2008-09,Queens, Elmhurst and Corona (CD4),404,13.4 ,12.9 ,14.1 ,
Winter 2009-10,Queens, Elmhurst and Corona (CD4),404,9.9 ,9.4 ,10.6 ,
Winter 2010-11,Queens, Elmhurst and Corona (CD4),404,12.7 ,12.3 ,13.2 ,
Winter 2011-12,Queens, Elmhurst and Corona (CD4),404,9.3 ,9.0 ,9.9 ,
Winter 2012-13,Queens, Elmhurst and Corona (CD4),404,10.4 ,10.0 ,11.0 ,
Winter 2013-14,Queens, Elmhurst and Corona (CD4),404,12.0 ,11.6 ,12.6 ,
Summer 2009,Manhattan, Financial District (CD1),101,13.2 ,12.6 ,13.6 ,
Summer 2010,Manhattan, Financial District (CD1),101,13.8 ,13.3 ,14.1 ,
Summer 2011,Manhattan, Financial District (CD1),101,13.2 ,12.8 ,13.6 ,
Summer 2012,Manhattan, Financial District (CD1),101,12.3 ,11.8 ,12.6 ,
Summer 2013,Manhattan, Financial District (CD1),101,12.2 ,11.7 ,12.6 ,
Summer 2014,Manhattan, Financial District (CD1),101,10.9 ,10.4 ,11.3 ,
Winter 2008-09,Manhattan, Financial District (CD1),101,15.7 ,15.0 ,16.3 ,
Winter 2009-10,Manhattan, Financial District (CD1),101,12.3 ,11.4 ,13.0 ,
Winter 2010-11,Manhattan, Financial District (CD1),101,14.8 ,14.3 ,15.2 ,
Winter 2011-12,Manhattan, Financial District (CD1),101,11.6 ,11.0 ,12.1 ,
Winter 2012-13,Manhattan, Financial District (CD1),101,12.8 ,12.2 ,13.2 ,
Winter 2013-14,Manhattan, Financial District (CD1),101,14.5 ,14.0 ,14.9 ,
Summer 2009,Brooklyn, Flatbush and Midwood (CD14),314,10.8 ,10.5 ,11.1 ,
Summer 2010,Brooklyn, Flatbush and Midwood (CD14),314,11.7 ,11.5 ,12.1 ,
Summer 2011,Brooklyn, Flatbush and Midwood (CD14),314,11.3 ,11.1 ,11.7 ,
Summer 2012,Brooklyn, Flatbush and Midwood (CD14),314,10.2 ,10.0 ,10.6 ,
Summer 2013,Brooklyn, Flatbush and Midwood (CD14),314,10.1 ,9.8 ,10.4 ,
Summer 2014,Brooklyn, Flatbush and Midwood (CD14),314,8.6 ,8.3 ,9.1 ,
Winter 2008-09,Brooklyn, Flatbush and Midwood (CD14),314,12.8 ,12.1 ,13.5 ,
Winter 2009-10,Brooklyn, Flatbush and Midwood (CD14),314,10.2 ,9.7 ,10.8 ,
Winter 2010-11,Brooklyn, Flatbush and Midwood (CD14),314,12.5 ,12.1 ,13.1 ,
Winter 2011-12,Brooklyn, Flatbush and Midwood (CD14),314,9.2 ,8.7 ,9.8 ,
Winter 2012-13,Brooklyn, Flatbush and Midwood (CD14),314,10.2 ,9.9 ,10.6 ,
Winter 2013-14,Brooklyn, Flatbush and Midwood (CD14),314,11.6 ,11.3 ,12.1 ,
Summer 2009,Brooklyn, Flatlands and Canarsie (CD18),318,10.3 ,9.8 ,11.1 ,
Summer 2010,Brooklyn, Flatlands and Canarsie (CD18),318,11.4 ,10.9 ,12.2 ,
Summer 2011,Brooklyn, Flatlands and Canarsie (CD18),318,11.1 ,10.6 ,11.8 ,
Summer 2012,Brooklyn, Flatlands and Canarsie (CD18),318,9.9 ,9.5 ,10.7 ,
Summer 2013,Brooklyn, Flatlands and Canarsie (CD18),318,9.8 ,9.3 ,10.6 ,
Summer 2014,Brooklyn, Flatlands and Canarsie (CD18),318,8.2 ,7.6 ,9.1 ,
Winter 2008-09,Brooklyn, Flatlands and Canarsie (CD18),318,12.0 ,10.9 ,13.2 ,
Winter 2009-10,Brooklyn, Flatlands and Canarsie (CD18),318,9.4 ,8.5 ,10.4 ,
Winter 2010-11,Brooklyn, Flatlands and Canarsie (CD18),318,11.8 ,11.1 ,12.7 ,
Winter 2011-12,Brooklyn, Flatlands and Canarsie (CD18),318,8.3 ,7.4 ,9.3 ,
Winter 2012-13,Brooklyn, Flatlands and Canarsie (CD18),318,9.8 ,9.3 ,10.6 ,
Winter 2013-14,Brooklyn, Flatlands and Canarsie (CD18),318,11.0 ,10.4 ,11.9 ,
Summer 2009,Queens, Flushing and Whitestone (CD7),407,10.3 ,9.7 ,11.2 ,
Summer 2010,Queens, Flushing and Whitestone (CD7),407,11.6 ,11.1 ,12.5 ,
Summer 2011,Queens, Flushing and Whitestone (CD7),407,11.3 ,10.7 ,12.1 ,
Summer 2012,Queens, Flushing and Whitestone (CD7),407,10.1 ,9.6 ,11.0 ,
Summer 2013,Queens, Flushing and Whitestone (CD7),407,10.1 ,9.6 ,10.9 ,
Summer 2014,Queens, Flushing and Whitestone (CD7),407,8.2 ,7.7 ,9.1 ,
Winter 2008-09,Queens, Flushing and Whitestone (CD7),407,12.8 ,12.2 ,13.7 ,
Winter 2009-10,Queens, Flushing and Whitestone (CD7),407,9.6 ,9.0 ,10.5 ,
Winter 2010-11,Queens, Flushing and Whitestone (CD7),407,12.6 ,12.0 ,13.5 ,
Winter 2011-12,Queens, Flushing and Whitestone (CD7),407,9.3 ,8.7 ,10.1 ,
Winter 2012-13,Queens, Flushing and Whitestone (CD7),407,9.9 ,9.3 ,10.9 ,
Winter 2013-14,Queens, Flushing and Whitestone (CD7),407,11.5 ,10.9 ,12.5 ,
Summer 2009,Bronx, Fordham and University Heights (CD5),205,11.6 ,11.1 ,12.2 ,
Summer 2010,Bronx, Fordham and University Heights (CD5),205,12.8 ,12.4 ,13.5 ,
Summer 2011,Bronx, Fordham and University Heights (CD5),205,12.3 ,11.9 ,12.9 ,
Summer 2012,Bronx, Fordham and University Heights (CD5),205,11.2 ,10.8 ,11.8 ,
Summer 2013,Bronx, Fordham and University Heights (CD5),205,11.1 ,10.7 ,11.8 ,
Summer 2014,Bronx, Fordham and University Heights (CD5),205,9.5 ,9.1 ,10.1 ,
Winter 2008-09,Bronx, Fordham and University Heights (CD5),205,15.7 ,15.3 ,16.2 ,
Winter 2009-10,Bronx, Fordham and University Heights (CD5),205,12.8 ,12.4 ,13.4 ,
Winter 2010-11,Bronx, Fordham and University Heights (CD5),205,15.1 ,14.6 ,15.7 ,
Winter 2011-12,Bronx, Fordham and University Heights (CD5),205,11.4 ,10.9 ,12.1 ,
Winter 2012-13,Bronx, Fordham and University Heights (CD5),205,12.5 ,12.1 ,13.2 ,
Winter 2013-14,Bronx, Fordham and University Heights (CD5),205,13.4 ,13.0 ,14.1 ,
Summer 2009,Brooklyn, Fort Greene and Brooklyn Heights (CD2),302,11.7 ,11.1 ,12.5 ,
Summer 2010,Brooklyn, Fort Greene and Brooklyn Heights (CD2),302,12.7 ,12.1 ,13.5 ,
Summer 2011,Brooklyn, Fort Greene and Brooklyn Heights (CD2),302,12.2 ,11.7 ,13.0 ,
Summer 2012,Brooklyn, Fort Greene and Brooklyn Heights (CD2),302,11.1 ,10.6 ,11.9 ,
Summer 2013,Brooklyn, Fort Greene and Brooklyn Heights (CD2),302,11.0 ,10.4 ,11.7 ,
Summer 2014,Brooklyn, Fort Greene and Brooklyn Heights (CD2),302,9.9 ,9.3 ,10.6 ,
Winter 2008-09,Brooklyn, Fort Greene and Brooklyn Heights (CD2),302,14.2 ,13.6 ,15.0 ,
Winter 2009-10,Brooklyn, Fort Greene and Brooklyn Heights (CD2),302,10.6 ,9.8 ,11.4 ,
Winter 2010-11,Brooklyn, Fort Greene and Brooklyn Heights (CD2),302,13.8 ,13.2 ,14.5 ,
Winter 2011-12,Brooklyn, Fort Greene and Brooklyn Heights (CD2),302,10.4 ,9.8 ,11.1 ,
Winter 2012-13,Brooklyn, Fort Greene and Brooklyn Heights (CD2),302,11.2 ,10.5 ,12.0 ,
Winter 2013-14,Brooklyn, Fort Greene and Brooklyn Heights (CD2),302,13.0 ,12.3 ,13.8 ,
Summer 2009,Brooklyn, Greenpoint and Williamsburg (CD1),301,12.3 ,11.5 ,13.2 ,
Summer 2010,Brooklyn, Greenpoint and Williamsburg (CD1),301,13.4 ,12.6 ,14.4 ,
Summer 2011,Brooklyn, Greenpoint and Williamsburg (CD1),301,12.9 ,12.1 ,13.9 ,
Summer 2012,Brooklyn, Greenpoint and Williamsburg (CD1),301,11.8 ,11.0 ,12.8 ,
Summer 2013,Brooklyn, Greenpoint and Williamsburg (CD1),301,11.6 ,10.9 ,12.6 ,
Summer 2014,Brooklyn, Greenpoint and Williamsburg (CD1),301,10.5 ,9.7 ,11.4 ,
Winter 2008-09,Brooklyn, Greenpoint and Williamsburg (CD1),301,14.4 ,13.7 ,15.5 ,
Winter 2009-10,Brooklyn, Greenpoint and Williamsburg (CD1),301,10.4 ,9.6 ,11.6 ,
Winter 2010-11,Brooklyn, Greenpoint and Williamsburg (CD1),301,14.2 ,13.4 ,15.1 ,
Winter 2011-12,Brooklyn, Greenpoint and Williamsburg (CD1),301,10.5 ,9.8 ,11.5 ,
Winter 2012-13,Brooklyn, Greenpoint and Williamsburg (CD1),301,11.7 ,11.0 ,12.6 ,
Winter 2013-14,Brooklyn, Greenpoint and Williamsburg (CD1),301,13.6 ,12.8 ,14.5 ,
Summer 2009,Manhattan, Greenwich Village and Soho (CD2),102,13.0 ,12.0 ,13.5 ,
Summer 2010,Manhattan, Greenwich Village and Soho (CD2),102,13.7 ,12.9 ,14.2 ,
Summer 2011,Manhattan, Greenwich Village and Soho (CD2),102,13.2 ,12.4 ,13.6 ,
Summer 2012,Manhattan, Greenwich Village and Soho (CD2),102,12.2 ,11.3 ,12.7 ,
Summer 2013,Manhattan, Greenwich Village and Soho (CD2),102,12.1 ,11.1 ,12.6 ,
Summer 2014,Manhattan, Greenwich Village and Soho (CD2),102,10.8 ,10.0 ,11.3 ,
Winter 2008-09,Manhattan, Greenwich Village and Soho (CD2),102,15.2 ,14.0 ,15.9 ,
Winter 2009-10,Manhattan, Greenwich Village and Soho (CD2),102,11.5 ,10.0 ,12.3 ,
Winter 2010-11,Manhattan, Greenwich Village and Soho (CD2),102,14.6 ,13.9 ,15.1 ,
Winter 2011-12,Manhattan, Greenwich Village and Soho (CD2),102,11.2 ,10.2 ,11.8 ,
Winter 2012-13,Manhattan, Greenwich Village and Soho (CD2),102,12.7 ,11.7 ,13.3 ,
Winter 2013-14,Manhattan, Greenwich Village and Soho (CD2),102,14.4 ,13.5 ,14.9 ,
Summer 2009,Bronx, Highbridge and Concourse (CD4),204,11.6 ,11.2 ,12.0 ,
Summer 2010,Bronx, Highbridge and Concourse (CD4),204,12.8 ,12.4 ,13.2 ,
Summer 2011,Bronx, Highbridge and Concourse (CD4),204,12.2 ,11.9 ,12.7 ,
Summer 2012,Bronx, Highbridge and Concourse (CD4),204,11.1 ,10.8 ,11.6 ,
Summer 2013,Bronx, Highbridge and Concourse (CD4),204,11.1 ,10.7 ,11.5 ,
Summer 2014,Bronx, Highbridge and Concourse (CD4),204,9.4 ,9.1 ,9.9 ,
Winter 2008-09,Bronx, Highbridge and Concourse (CD4),204,15.3 ,14.9 ,15.9 ,
Winter 2009-10,Bronx, Highbridge and Concourse (CD4),204,12.5 ,12.1 ,13.1 ,
Winter 2010-11,Bronx, Highbridge and Concourse (CD4),204,14.9 ,14.6 ,15.4 ,
Winter 2011-12,Bronx, Highbridge and Concourse (CD4),204,11.4 ,11.1 ,11.9 ,
Winter 2012-13,Bronx, Highbridge and Concourse (CD4),204,12.4 ,12.1 ,12.9 ,
Winter 2013-14,Bronx, Highbridge and Concourse (CD4),204,13.3 ,13.0 ,13.8 ,
Summer 2009,Queens, Hillcrest and Fresh Meadows (CD8),408,10.1 ,9.8 ,10.5 ,
Summer 2010,Queens, Hillcrest and Fresh Meadows (CD8),408,11.4 ,11.1 ,11.8 ,
Summer 2011,Queens, Hillcrest and Fresh Meadows (CD8),408,11.1 ,10.8 ,11.5 ,
Summer 2012,Queens, Hillcrest and Fresh Meadows (CD8),408,9.9 ,9.6 ,10.3 ,
Summer 2013,Queens, Hillcrest and Fresh Meadows (CD8),408,10.0 ,9.7 ,10.4 ,
Summer 2014,Queens, Hillcrest and Fresh Meadows (CD8),408,8.0 ,7.7 ,8.4 ,
Winter 2008-09,Queens, Hillcrest and Fresh Meadows (CD8),408,12.8 ,12.3 ,13.3 ,
Winter 2009-10,Queens, Hillcrest and Fresh Meadows (CD8),408,9.7 ,9.2 ,10.1 ,
Winter 2010-11,Queens, Hillcrest and Fresh Meadows (CD8),408,12.1 ,11.8 ,12.5 ,
Winter 2011-12,Queens, Hillcrest and Fresh Meadows (CD8),408,9.0 ,8.8 ,9.4 ,
Winter 2012-13,Queens, Hillcrest and Fresh Meadows (CD8),408,9.7 ,9.3 ,10.1 ,
Winter 2013-14,Queens, Hillcrest and Fresh Meadows (CD8),408,11.1 ,10.7 ,11.5 ,
Summer 2009,Bronx, Hunts Point and Longwood (CD2),202,11.5 ,10.1 ,12.7 ,
Summer 2010,Bronx, Hunts Point and Longwood (CD2),202,12.8 ,11.5 ,14.0 ,
Summer 2011,Bronx, Hunts Point and Longwood (CD2),202,12.4 ,11.1 ,13.6 ,
Summer 2012,Bronx, Hunts Point and Longwood (CD2),202,11.2 ,9.9 ,12.4 ,
Summer 2013,Bronx, Hunts Point and Longwood (CD2),202,11.1 ,9.8 ,12.3 ,
Summer 2014,Bronx, Hunts Point and Longwood (CD2),202,9.4 ,8.1 ,10.7 ,
Winter 2008-09,Bronx, Hunts Point and Longwood (CD2),202,14.5 ,12.9 ,15.7 ,
Winter 2009-10,Bronx, Hunts Point and Longwood (CD2),202,11.4 ,9.7 ,12.6 ,
Winter 2010-11,Bronx, Hunts Point and Longwood (CD2),202,14.5 ,13.0 ,15.7 ,
Winter 2011-12,Bronx, Hunts Point and Longwood (CD2),202,10.9 ,9.4 ,12.1 ,
Winter 2012-13,Bronx, Hunts Point and Longwood (CD2),202,11.9 ,10.3 ,13.1 ,
Winter 2013-14,Bronx, Hunts Point and Longwood (CD2),202,13.2 ,11.7 ,14.4 ,
Summer 2009,Queens, Jackson Heights (CD3),403,10.4 ,10.0 ,10.8 ,
Summer 2010,Queens, Jackson Heights (CD3),403,11.6 ,11.3 ,11.9 ,
Summer 2011,Queens, Jackson Heights (CD3),403,11.2 ,10.9 ,11.5 ,
Summer 2012,Queens, Jackson Heights (CD3),403,10.0 ,9.7 ,10.4 ,
Summer 2013,Queens, Jackson Heights (CD3),403,10.0 ,9.6 ,10.3 ,
Summer 2014,Queens, Jackson Heights (CD3),403,8.2 ,7.8 ,8.6 ,
Winter 2008-09,Queens, Jackson Heights (CD3),403,12.8 ,12.3 ,13.2 ,
Winter 2009-10,Queens, Jackson Heights (CD3),403,9.3 ,8.8 ,9.7 ,
Winter 2010-11,Queens, Jackson Heights (CD3),403,12.4 ,12.2 ,12.7 ,
Winter 2011-12,Queens, Jackson Heights (CD3),403,9.0 ,8.7 ,9.3 ,
Winter 2012-13,Queens, Jackson Heights (CD3),403,10.1 ,9.7 ,10.5 ,
Winter 2013-14,Queens, Jackson Heights (CD3),403,11.7 ,11.3 ,12.1 ,
Summer 2009,Queens, Jamaica and Hollis (CD12),412,10.1 ,9.7 ,10.7 ,
Summer 2010,Queens, Jamaica and Hollis (CD12),412,11.4 ,10.9 ,11.9 ,
Summer 2011,Queens, Jamaica and Hollis (CD12),412,11.2 ,10.7 ,11.7 ,
Summer 2012,Queens, Jamaica and Hollis (CD12),412,10.0 ,9.6 ,10.5 ,
Summer 2013,Queens, Jamaica and Hollis (CD12),412,10.1 ,9.7 ,10.6 ,
Summer 2014,Queens, Jamaica and Hollis (CD12),412,8.1 ,7.7 ,8.6 ,
Winter 2008-09,Queens, Jamaica and Hollis (CD12),412,12.6 ,12.1 ,13.5 ,
Winter 2009-10,Queens, Jamaica and Hollis (CD12),412,9.7 ,9.1 ,10.4 ,
Winter 2010-11,Queens, Jamaica and Hollis (CD12),412,11.8 ,11.4 ,12.4 ,
Winter 2011-12,Queens, Jamaica and Hollis (CD12),412,8.8 ,8.3 ,9.4 ,
Winter 2012-13,Queens, Jamaica and Hollis (CD12),412,9.8 ,9.3 ,10.3 ,
Winter 2013-14,Queens, Jamaica and Hollis (CD12),412,10.9 ,10.4 ,11.6 ,
Summer 2009,Queens, Kew Gardens and Woodhaven (CD9),409,10.4 ,10.0 ,10.9 ,
Summer 2010,Queens, Kew Gardens and Woodhaven (CD9),409,11.6 ,11.2 ,12.1 ,
Summer 2011,Queens, Kew Gardens and Woodhaven (CD9),409,11.2 ,10.9 ,11.8 ,
Summer 2012,Queens, Kew Gardens and Woodhaven (CD9),409,10.1 ,9.7 ,10.6 ,
Summer 2013,Queens, Kew Gardens and Woodhaven (CD9),409,10.1 ,9.7 ,10.6 ,
Summer 2014,Queens, Kew Gardens and Woodhaven (CD9),409,8.3 ,7.9 ,8.8 ,
Winter 2008-09,Queens, Kew Gardens and Woodhaven (CD9),409,13.2 ,12.8 ,13.8 ,
Winter 2009-10,Queens, Kew Gardens and Woodhaven (CD9),409,9.9 ,9.5 ,10.5 ,
Winter 2010-11,Queens, Kew Gardens and Woodhaven (CD9),409,12.0 ,11.6 ,12.5 ,
Winter 2011-12,Queens, Kew Gardens and Woodhaven (CD9),409,8.8 ,8.4 ,9.4 ,
Winter 2012-13,Queens, Kew Gardens and Woodhaven (CD9),409,9.9 ,9.6 ,10.5 ,
Winter 2013-14,Queens, Kew Gardens and Woodhaven (CD9),409,11.3 ,10.9 ,11.8 ,
Summer 2009,Bronx, Kingsbridge Heights and Bedford (CD7),207,10.9 ,10.6 ,11.4 ,
Summer 2010,Bronx, Kingsbridge Heights and Bedford (CD7),207,12.2 ,11.9 ,12.7 ,
Summer 2011,Bronx, Kingsbridge Heights and Bedford (CD7),207,11.7 ,11.4 ,12.1 ,
Summer 2012,Bronx, Kingsbridge Heights and Bedford (CD7),207,10.6 ,10.3 ,11.0 ,
Summer 2013,Bronx, Kingsbridge Heights and Bedford (CD7),207,10.6 ,10.3 ,11.0 ,
Summer 2014,Bronx, Kingsbridge Heights and Bedford (CD7),207,9.0 ,8.7 ,9.4 ,
Winter 2008-09,Bronx, Kingsbridge Heights and Bedford (CD7),207,15.0 ,14.4 ,15.6 ,
Winter 2009-10,Bronx, Kingsbridge Heights and Bedford (CD7),207,12.0 ,11.3 ,12.7 ,
Winter 2010-11,Bronx, Kingsbridge Heights and Bedford (CD7),207,14.3 ,13.9 ,14.8 ,
Winter 2011-12,Bronx, Kingsbridge Heights and Bedford (CD7),207,10.4 ,9.8 ,11.1 ,
Winter 2012-13,Bronx, Kingsbridge Heights and Bedford (CD7),207,11.7 ,11.2 ,12.3 ,
Winter 2013-14,Bronx, Kingsbridge Heights and Bedford (CD7),207,12.8 ,12.5 ,13.3 ,
Summer 2009,Queens, Long Island City and Astoria (CD1),401,10.8 ,9.8 ,11.6 ,
Summer 2010,Queens, Long Island City and Astoria (CD1),401,12.1 ,11.2 ,12.8 ,
Summer 2011,Queens, Long Island City and Astoria (CD1),401,11.6 ,10.7 ,12.3 ,
Summer 2012,Queens, Long Island City and Astoria (CD1),401,10.5 ,9.5 ,11.2 ,
Summer 2013,Queens, Long Island City and Astoria (CD1),401,10.3 ,9.4 ,11.1 ,
Summer 2014,Queens, Long Island City and Astoria (CD1),401,8.8 ,7.7 ,9.6 ,
Winter 2008-09,Queens, Long Island City and Astoria (CD1),401,13.0 ,12.3 ,13.5 ,
Winter 2009-10,Queens, Long Island City and Astoria (CD1),401,9.3 ,8.9 ,9.7 ,
Winter 2010-11,Queens, Long Island City and Astoria (CD1),401,13.1 ,12.5 ,13.6 ,
Winter 2011-12,Queens, Long Island City and Astoria (CD1),401,9.4 ,8.8 ,9.8 ,
Winter 2012-13,Queens, Long Island City and Astoria (CD1),401,10.8 ,9.9 ,11.4 ,
Winter 2013-14,Queens, Long Island City and Astoria (CD1),401,12.3 ,11.3 ,13.1 ,
Summer 2009,Manhattan, Lower East Side and Chinatown (CD3),103,12.0 ,11.0 ,13.3 ,
Summer 2010,Manhattan, Lower East Side and Chinatown (CD3),103,12.9 ,12.0 ,14.0 ,
Summer 2011,Manhattan, Lower East Side and Chinatown (CD3),103,12.4 ,11.5 ,13.5 ,
Summer 2012,Manhattan, Lower East Side and Chinatown (CD3),103,11.3 ,10.4 ,12.4 ,
Summer 2013,Manhattan, Lower East Side and Chinatown (CD3),103,11.3 ,10.2 ,12.4 ,
Summer 2014,Manhattan, Lower East Side and Chinatown (CD3),103,10.0 ,9.1 ,11.1 ,
Winter 2008-09,Manhattan, Lower East Side and Chinatown (CD3),103,14.2 ,13.0 ,15.6 ,
Winter 2009-10,Manhattan, Lower East Side and Chinatown (CD3),103,10.4 ,9.1 ,11.9 ,
Winter 2010-11,Manhattan, Lower East Side and Chinatown (CD3),103,13.8 ,12.9 ,14.9 ,
Winter 2011-12,Manhattan, Lower East Side and Chinatown (CD3),103,10.3 ,9.2 ,11.6 ,
Winter 2012-13,Manhattan, Lower East Side and Chinatown (CD3),103,11.6 ,10.5 ,12.9 ,
Winter 2013-14,Manhattan, Lower East Side and Chinatown (CD3),103,13.4 ,12.3 ,14.6 ,
Summer 2009,Manhattan, Midtown (CD5),105,16.0 ,14.7 ,17.3 ,
Summer 2010,Manhattan, Midtown (CD5),105,16.1 ,15.1 ,17.1 ,
Summer 2011,Manhattan, Midtown (CD5),105,15.6 ,14.5 ,16.6 ,
Summer 2012,Manhattan, Midtown (CD5),105,14.8 ,13.7 ,15.9 ,
Summer 2013,Manhattan, Midtown (CD5),105,15.0 ,13.8 ,16.2 ,
Summer 2014,Manhattan, Midtown (CD5),105,13.2 ,12.1 ,14.2 ,
Winter 2008-09,Manhattan, Midtown (CD5),105,18.8 ,17.3 ,20.4 ,
Winter 2009-10,Manhattan, Midtown (CD5),105,15.8 ,13.9 ,17.6 ,
Winter 2010-11,Manhattan, Midtown (CD5),105,17.0 ,15.9 ,18.0 ,
Winter 2011-12,Manhattan, Midtown (CD5),105,14.2 ,12.8 ,15.4 ,
Winter 2012-13,Manhattan, Midtown (CD5),105,16.1 ,14.7 ,17.4 ,
Winter 2013-14,Manhattan, Midtown (CD5),105,17.4 ,16.1 ,18.7 ,
Summer 2009,Manhattan, Morningside Heights and Hamilton Heights (CD9),109,11.4 ,11.1 ,11.9 ,
Summer 2010,Manhattan, Morningside Heights and Hamilton Heights (CD9),109,12.5 ,12.3 ,12.8 ,
Summer 2011,Manhattan, Morningside Heights and Hamilton Heights (CD9),109,12.0 ,11.7 ,12.3 ,
Summer 2012,Manhattan, Morningside Heights and Hamilton Heights (CD9),109,10.9 ,10.6 ,11.3 ,
Summer 2013,Manhattan, Morningside Heights and Hamilton Heights (CD9),109,10.8 ,10.5 ,11.2 ,
Summer 2014,Manhattan, Morningside Heights and Hamilton Heights (CD9),109,9.2 ,8.9 ,9.5 ,
Winter 2008-09,Manhattan, Morningside Heights and Hamilton Heights (CD9),109,14.7 ,14.4 ,15.0 ,
Winter 2009-10,Manhattan, Morningside Heights and Hamilton Heights (CD9),109,11.6 ,11.2 ,11.9 ,
Winter 2010-11,Manhattan, Morningside Heights and Hamilton Heights (CD9),109,14.5 ,14.3 ,14.7 ,
Winter 2011-12,Manhattan, Morningside Heights and Hamilton Heights (CD9),109,11.0 ,10.7 ,11.2 ,
Winter 2012-13,Manhattan, Morningside Heights and Hamilton Heights (CD9),109,12.3 ,12.0 ,12.6 ,
Winter 2013-14,Manhattan, Morningside Heights and Hamilton Heights (CD9),109,13.2 ,12.9 ,13.6 ,
Summer 2009,Bronx, Morris Park and Bronxdale (CD11),211,10.3 ,10.0 ,10.6 ,
Summer 2010,Bronx, Morris Park and Bronxdale (CD11),211,11.8 ,11.5 ,12.0 ,
Summer 2011,Bronx, Morris Park and Bronxdale (CD11),211,11.3 ,11.1 ,11.6 ,
Summer 2012,Bronx, Morris Park and Bronxdale (CD11),211,10.2 ,9.9 ,10.4 ,
Summer 2013,Bronx, Morris Park and Bronxdale (CD11),211,10.1 ,9.8 ,10.4 ,
Summer 2014,Bronx, Morris Park and Bronxdale (CD11),211,8.5 ,8.3 ,8.8 ,
Winter 2008-09,Bronx, Morris Park and Bronxdale (CD11),211,13.6 ,13.2 ,13.8 ,
Winter 2009-10,Bronx, Morris Park and Bronxdale (CD11),211,10.4 ,9.9 ,10.8 ,
Winter 2010-11,Bronx, Morris Park and Bronxdale (CD11),211,13.4 ,13.0 ,13.6 ,
Winter 2011-12,Bronx, Morris Park and Bronxdale (CD11),211,9.3 ,8.8 ,9.7 ,
Winter 2012-13,Bronx, Morris Park and Bronxdale (CD11),211,10.6 ,10.3 ,10.9 ,
Winter 2013-14,Bronx, Morris Park and Bronxdale (CD11),211,12.1 ,11.8 ,12.3 ,
Summer 2009,Bronx, Morrisania and Crotona (CD3),203,11.0 ,10.7 ,11.4 ,
Summer 2010,Bronx, Morrisania and Crotona (CD3),203,12.3 ,12.0 ,12.7 ,
Summer 2011,Bronx, Morrisania and Crotona (CD3),203,11.8 ,11.5 ,12.2 ,
Summer 2012,Bronx, Morrisania and Crotona (CD3),203,10.7 ,10.4 ,11.1 ,
Summer 2013,Bronx, Morrisania and Crotona (CD3),203,10.6 ,10.3 ,11.0 ,
Summer 2014,Bronx, Morrisania and Crotona (CD3),203,8.9 ,8.6 ,9.3 ,
Winter 2008-09,Bronx, Morrisania and Crotona (CD3),203,14.6 ,14.1 ,15.0 ,
Winter 2009-10,Bronx, Morrisania and Crotona (CD3),203,11.7 ,11.2 ,12.1 ,
Winter 2010-11,Bronx, Morrisania and Crotona (CD3),203,14.3 ,13.9 ,14.7 ,
Winter 2011-12,Bronx, Morrisania and Crotona (CD3),203,10.7 ,10.3 ,11.1 ,
Winter 2012-13,Bronx, Morrisania and Crotona (CD3),203,11.7 ,11.3 ,12.1 ,
Winter 2013-14,Bronx, Morrisania and Crotona (CD3),203,12.8 ,12.4 ,13.2 ,
Summer 2009,Bronx, Mott Haven and Melrose (CD1),201,11.7 ,11.1 ,12.5 ,
Summer 2010,Bronx, Mott Haven and Melrose (CD1),201,13.0 ,12.4 ,13.8 ,
Summer 2011,Bronx, Mott Haven and Melrose (CD1),201,12.5 ,11.8 ,13.3 ,
Summer 2012,Bronx, Mott Haven and Melrose (CD1),201,11.3 ,10.7 ,12.2 ,
Summer 2013,Bronx, Mott Haven and Melrose (CD1),201,11.2 ,10.6 ,12.0 ,
Summer 2014,Bronx, Mott Haven and Melrose (CD1),201,9.6 ,8.9 ,10.4 ,
Winter 2008-09,Bronx, Mott Haven and Melrose (CD1),201,14.7 ,14.2 ,15.4 ,
Winter 2009-10,Bronx, Mott Haven and Melrose (CD1),201,11.6 ,11.1 ,12.2 ,
Winter 2010-11,Bronx, Mott Haven and Melrose (CD1),201,14.7 ,14.2 ,15.4 ,
Winter 2011-12,Bronx, Mott Haven and Melrose (CD1),201,11.2 ,10.6 ,11.8 ,
Winter 2012-13,Bronx, Mott Haven and Melrose (CD1),201,12.3 ,11.7 ,12.9 ,
Winter 2013-14,Bronx, Mott Haven and Melrose (CD1),201,13.4 ,12.8 ,14.2 ,
Summer 2009,Brooklyn, Park Slope and Carroll Gardens (CD6),306,11.7 ,10.9 ,12.6 ,
Summer 2010,Brooklyn, Park Slope and Carroll Gardens (CD6),306,12.7 ,11.9 ,13.7 ,
Summer 2011,Brooklyn, Park Slope and Carroll Gardens (CD6),306,12.3 ,11.5 ,13.2 ,
Summer 2012,Brooklyn, Park Slope and Carroll Gardens (CD6),306,11.1 ,10.3 ,12.1 ,
Summer 2013,Brooklyn, Park Slope and Carroll Gardens (CD6),306,10.9 ,10.1 ,11.8 ,
Summer 2014,Brooklyn, Park Slope and Carroll Gardens (CD6),306,9.9 ,9.0 ,10.9 ,
Winter 2008-09,Brooklyn, Park Slope and Carroll Gardens (CD6),306,14.1 ,13.2 ,15.0 ,
Winter 2009-10,Brooklyn, Park Slope and Carroll Gardens (CD6),306,10.7 ,9.8 ,11.6 ,
Winter 2010-11,Brooklyn, Park Slope and Carroll Gardens (CD6),306,13.9 ,13.1 ,14.9 ,
Winter 2011-12,Brooklyn, Park Slope and Carroll Gardens (CD6),306,10.5 ,9.6 ,11.4 ,
Winter 2012-13,Brooklyn, Park Slope and Carroll Gardens (CD6),306,11.1 ,10.2 ,12.0 ,
Winter 2013-14,Brooklyn, Park Slope and Carroll Gardens (CD6),306,12.9 ,12.1 ,13.9 ,
Summer 2009,Bronx, Parkchester and Soundview (CD9),209,10.6 ,9.8 ,11.4 ,
Summer 2010,Bronx, Parkchester and Soundview (CD9),209,12.0 ,11.2 ,12.8 ,
Summer 2011,Bronx, Parkchester and Soundview (CD9),209,11.6 ,10.8 ,12.3 ,
Summer 2012,Bronx, Parkchester and Soundview (CD9),209,10.4 ,9.6 ,11.2 ,
Summer 2013,Bronx, Parkchester and Soundview (CD9),209,10.4 ,9.5 ,11.1 ,
Summer 2014,Bronx, Parkchester and Soundview (CD9),209,8.6 ,7.8 ,9.4 ,
Winter 2008-09,Bronx, Parkchester and Soundview (CD9),209,13.7 ,12.6 ,14.6 ,
Winter 2009-10,Bronx, Parkchester and Soundview (CD9),209,10.6 ,9.4 ,11.6 ,
Winter 2010-11,Bronx, Parkchester and Soundview (CD9),209,13.6 ,12.7 ,14.4 ,
Winter 2011-12,Bronx, Parkchester and Soundview (CD9),209,9.9 ,9.0 ,10.7 ,
Winter 2012-13,Bronx, Parkchester and Soundview (CD9),209,10.9 ,9.9 ,11.8 ,
Winter 2013-14,Bronx, Parkchester and Soundview (CD9),209,12.3 ,11.3 ,13.1 ,
Summer 2009,Queens, Queens Village (CD13),413,9.7 ,9.4 ,10.1 ,
Summer 2010,Queens, Queens Village (CD13),413,11.0 ,10.7 ,11.4 ,
Summer 2011,Queens, Queens Village (CD13),413,10.8 ,10.6 ,11.2 ,
Summer 2012,Queens, Queens Village (CD13),413,9.6 ,9.4 ,10.0 ,
Summer 2013,Queens, Queens Village (CD13),413,9.8 ,9.5 ,10.1 ,
Summer 2014,Queens, Queens Village (CD13),413,7.7 ,7.5 ,8.1 ,
Winter 2008-09,Queens, Queens Village (CD13),413,11.7 ,11.3 ,12.3 ,
Winter 2009-10,Queens, Queens Village (CD13),413,8.9 ,8.4 ,9.4 ,
Winter 2010-11,Queens, Queens Village (CD13),413,11.4 ,11.0 ,11.8 ,
Winter 2011-12,Queens, Queens Village (CD13),413,8.3 ,7.8 ,8.7 ,
Winter 2012-13,Queens, Queens Village (CD13),413,9.3 ,8.9 ,9.8 ,
Winter 2013-14,Queens, Queens Village (CD13),413,10.3 ,10.0 ,10.8 ,
Summer 2009,Queens, Rego Park and Forest Hills (CD6),406,10.7 ,10.2 ,11.4 ,
Summer 2010,Queens, Rego Park and Forest Hills (CD6),406,11.8 ,11.3 ,12.5 ,
Summer 2011,Queens, Rego Park and Forest Hills (CD6),406,11.5 ,11.0 ,12.2 ,
Summer 2012,Queens, Rego Park and Forest Hills (CD6),406,10.3 ,9.8 ,11.0 ,
Summer 2013,Queens, Rego Park and Forest Hills (CD6),406,10.3 ,9.9 ,11.0 ,
Summer 2014,Queens, Rego Park and Forest Hills (CD6),406,8.5 ,8.0 ,9.2 ,
Winter 2008-09,Queens, Rego Park and Forest Hills (CD6),406,13.5 ,13.0 ,14.2 ,
Winter 2009-10,Queens, Rego Park and Forest Hills (CD6),406,10.1 ,9.6 ,10.8 ,
Winter 2010-11,Queens, Rego Park and Forest Hills (CD6),406,12.4 ,11.9 ,13.1 ,
Winter 2011-12,Queens, Rego Park and Forest Hills (CD6),406,9.2 ,8.7 ,9.9 ,
Winter 2012-13,Queens, Rego Park and Forest Hills (CD6),406,10.3 ,9.7 ,11.0 ,
Winter 2013-14,Queens, Rego Park and Forest Hills (CD6),406,11.7 ,11.2 ,12.5 ,
Summer 2009,Queens, Ridgewood and Maspeth (CD5),405,10.8 ,10.0 ,12.4 ,
Summer 2010,Queens, Ridgewood and Maspeth (CD5),405,12.1 ,11.2 ,13.6 ,
Summer 2011,Queens, Ridgewood and Maspeth (CD5),405,11.7 ,10.8 ,13.2 ,
Summer 2012,Queens, Ridgewood and Maspeth (CD5),405,10.5 ,9.6 ,12.0 ,
Summer 2013,Queens, Ridgewood and Maspeth (CD5),405,10.4 ,9.6 ,11.9 ,
Summer 2014,Queens, Ridgewood and Maspeth (CD5),405,8.9 ,8.0 ,10.5 ,
Winter 2008-09,Queens, Ridgewood and Maspeth (CD5),405,13.4 ,12.7 ,14.8 ,
Winter 2009-10,Queens, Ridgewood and Maspeth (CD5),405,9.8 ,9.0 ,11.0 ,
Winter 2010-11,Queens, Ridgewood and Maspeth (CD5),405,12.6 ,11.7 ,14.2 ,
Winter 2011-12,Queens, Ridgewood and Maspeth (CD5),405,9.2 ,8.3 ,10.7 ,
Winter 2012-13,Queens, Ridgewood and Maspeth (CD5),405,10.3 ,9.5 ,11.9 ,
Winter 2013-14,Queens, Ridgewood and Maspeth (CD5),405,12.0 ,11.1 ,13.7 ,
Summer 2009,Bronx, Riverdale and Fieldston (CD8),208,10.4 ,9.8 ,11.2 ,
Summer 2010,Bronx, Riverdale and Fieldston (CD8),208,11.8 ,11.4 ,12.5 ,
Summer 2011,Bronx, Riverdale and Fieldston (CD8),208,11.3 ,10.8 ,12.0 ,
Summer 2012,Bronx, Riverdale and Fieldston (CD8),208,10.1 ,9.7 ,10.9 ,
Summer 2013,Bronx, Riverdale and Fieldston (CD8),208,10.0 ,9.5 ,10.8 ,
Summer 2014,Bronx, Riverdale and Fieldston (CD8),208,8.7 ,8.3 ,9.3 ,
Winter 2008-09,Bronx, Riverdale and Fieldston (CD8),208,14.7 ,14.2 ,15.4 ,
Winter 2009-10,Bronx, Riverdale and Fieldston (CD8),208,11.5 ,10.8 ,12.4 ,
Winter 2010-11,Bronx, Riverdale and Fieldston (CD8),208,14.1 ,13.7 ,14.7 ,
Winter 2011-12,Bronx, Riverdale and Fieldston (CD8),208,9.9 ,9.2 ,10.7 ,
Winter 2012-13,Bronx, Riverdale and Fieldston (CD8),208,11.3 ,10.8 ,12.1 ,
Winter 2013-14,Bronx, Riverdale and Fieldston (CD8),208,12.4 ,12.0 ,13.2 ,
Summer 2009,Queens, Rockaway and Broad Channel (CD14),414,9.6 ,9.5 ,9.7 ,
Summer 2010,Queens, Rockaway and Broad Channel (CD14),414,10.7 ,10.6 ,10.8 ,
Summer 2011,Queens, Rockaway and Broad Channel (CD14),414,10.6 ,10.5 ,10.7 ,
Summer 2012,Queens, Rockaway and Broad Channel (CD14),414,9.4 ,9.3 ,9.5 ,
Summer 2013,Queens, Rockaway and Broad Channel (CD14),414,9.4 ,9.2 ,9.6 ,
Summer 2014,Queens, Rockaway and Broad Channel (CD14),414,7.4 ,7.2 ,7.5 ,
Winter 2008-09,Queens, Rockaway and Broad Channel (CD14),414,10.2 ,9.5 ,10.5 ,
Winter 2009-10,Queens, Rockaway and Broad Channel (CD14),414,7.9 ,7.6 ,8.2 ,
Winter 2010-11,Queens, Rockaway and Broad Channel (CD14),414,10.3 ,10.2 ,10.4 ,
Winter 2011-12,Queens, Rockaway and Broad Channel (CD14),414,6.7 ,6.6 ,6.9 ,
Winter 2012-13,Queens, Rockaway and Broad Channel (CD14),414,9.2 ,9.1 ,9.4 ,
Winter 2013-14,Queens, Rockaway and Broad Channel (CD14),414,9.9 ,9.7 ,10.0 ,
Summer 2009,Brooklyn, Sheepshead Bay (CD15),315,10.4 ,10.0 ,10.8 ,
Summer 2010,Brooklyn, Sheepshead Bay (CD15),315,11.4 ,11.0 ,11.7 ,
Summer 2011,Brooklyn, Sheepshead Bay (CD15),315,11.1 ,10.8 ,11.4 ,
Summer 2012,Brooklyn, Sheepshead Bay (CD15),315,9.9 ,9.6 ,10.3 ,
Summer 2013,Brooklyn, Sheepshead Bay (CD15),315,9.8 ,9.4 ,10.1 ,
Summer 2014,Brooklyn, Sheepshead Bay (CD15),315,8.0 ,7.6 ,8.4 ,
Winter 2008-09,Brooklyn, Sheepshead Bay (CD15),315,11.2 ,10.5 ,11.9 ,
Winter 2009-10,Brooklyn, Sheepshead Bay (CD15),315,9.1 ,8.4 ,9.7 ,
Winter 2010-11,Brooklyn, Sheepshead Bay (CD15),315,11.6 ,11.1 ,12.1 ,
Winter 2011-12,Brooklyn, Sheepshead Bay (CD15),315,8.0 ,7.4 ,8.6 ,
Winter 2012-13,Brooklyn, Sheepshead Bay (CD15),315,9.8 ,9.4 ,10.2 ,
Winter 2013-14,Brooklyn, Sheepshead Bay (CD15),315,11.0 ,10.5 ,11.5 ,
Summer 2009,Staten Island, South Beach and Willowbrook (CD2),502,10.6 ,10.1 ,11.3 ,
Summer 2010,Staten Island, South Beach and Willowbrook (CD2),502,11.5 ,11.1 ,12.3 ,
Summer 2011,Staten Island, South Beach and Willowbrook (CD2),502,11.2 ,10.7 ,11.9 ,
Summer 2012,Staten Island, South Beach and Willowbrook (CD2),502,10.0 ,9.5 ,10.7 ,
Summer 2013,Staten Island, South Beach and Willowbrook (CD2),502,9.4 ,9.0 ,10.1 ,
Summer 2014,Staten Island, South Beach and Willowbrook (CD2),502,7.9 ,7.4 ,8.7 ,
Winter 2008-09,Staten Island, South Beach and Willowbrook (CD2),502,11.8 ,10.9 ,13.1 ,
Winter 2009-10,Staten Island, South Beach and Willowbrook (CD2),502,9.0 ,8.4 ,9.9 ,
Winter 2010-11,Staten Island, South Beach and Willowbrook (CD2),502,11.7 ,11.1 ,12.6 ,
Winter 2011-12,Staten Island, South Beach and Willowbrook (CD2),502,8.2 ,7.6 ,9.3 ,
Winter 2012-13,Staten Island, South Beach and Willowbrook (CD2),502,9.8 ,9.2 ,10.6 ,
Winter 2013-14,Staten Island, South Beach and Willowbrook (CD2),502,11.8 ,11.3 ,12.8 ,
Summer 2009,Brooklyn, South Crown Heights and Lefferts Gardens (CD9),309,10.8 ,10.6 ,11.0 ,
Summer 2010,Brooklyn, South Crown Heights and Lefferts Gardens (CD9),309,11.8 ,11.6 ,12.0 ,
Summer 2011,Brooklyn, South Crown Heights and Lefferts Gardens (CD9),309,11.4 ,11.2 ,11.6 ,
Summer 2012,Brooklyn, South Crown Heights and Lefferts Gardens (CD9),309,10.3 ,10.1 ,10.4 ,
Summer 2013,Brooklyn, South Crown Heights and Lefferts Gardens (CD9),309,10.2 ,10.0 ,10.3 ,
Summer 2014,Brooklyn, South Crown Heights and Lefferts Gardens (CD9),309,8.8 ,8.6 ,9.0 ,
Winter 2008-09,Brooklyn, South Crown Heights and Lefferts Gardens (CD9),309,13.5 ,13.2 ,13.7 ,
Winter 2009-10,Brooklyn, South Crown Heights and Lefferts Gardens (CD9),309,10.4 ,10.2 ,10.6 ,
Winter 2010-11,Brooklyn, South Crown Heights and Lefferts Gardens (CD9),309,12.8 ,12.5 ,13.0 ,
Winter 2011-12,Brooklyn, South Crown Heights and Lefferts Gardens (CD9),309,9.5 ,9.2 ,9.7 ,
Winter 2012-13,Brooklyn, South Crown Heights and Lefferts Gardens (CD9),309,10.3 ,10.1 ,10.4 ,
Winter 2013-14,Brooklyn, South Crown Heights and Lefferts Gardens (CD9),309,11.8 ,11.6 ,12.0 ,
Summer 2009,Queens, South Ozone Park and Howard Beach (CD10),410,10.0 ,9.7 ,10.4 ,
Summer 2010,Queens, South Ozone Park and Howard Beach (CD10),410,11.2 ,10.9 ,11.6 ,
Summer 2011,Queens, South Ozone Park and Howard Beach (CD10),410,10.9 ,10.6 ,11.3 ,
Summer 2012,Queens, South Ozone Park and Howard Beach (CD10),410,9.7 ,9.4 ,10.2 ,
Summer 2013,Queens, South Ozone Park and Howard Beach (CD10),410,9.7 ,9.4 ,10.2 ,
Summer 2014,Queens, South Ozone Park and Howard Beach (CD10),410,7.9 ,7.6 ,8.4 ,
Winter 2008-09,Queens, South Ozone Park and Howard Beach (CD10),410,12.6 ,12.0 ,13.2 ,
Winter 2009-10,Queens, South Ozone Park and Howard Beach (CD10),410,9.5 ,9.0 ,10.0 ,
Winter 2010-11,Queens, South Ozone Park and Howard Beach (CD10),410,11.5 ,11.1 ,12.0 ,
Winter 2011-12,Queens, South Ozone Park and Howard Beach (CD10),410,8.2 ,7.7 ,8.7 ,
Winter 2012-13,Queens, South Ozone Park and Howard Beach (CD10),410,9.6 ,9.3 ,10.1 ,
Winter 2013-14,Queens, South Ozone Park and Howard Beach (CD10),410,10.7 ,10.3 ,11.2 ,
Summer 2009,Staten Island, St. George and Stapleton (CD1),501,10.6 ,10.3 ,11.1 ,
Summer 2010,Staten Island, St. George and Stapleton (CD1),501,11.6 ,11.2 ,12.0 ,
Summer 2011,Staten Island, St. George and Stapleton (CD1),501,11.2 ,10.8 ,11.6 ,
Summer 2012,Staten Island, St. George and Stapleton (CD1),501,10.0 ,9.7 ,10.4 ,
Summer 2013,Staten Island, St. George and Stapleton (CD1),501,9.5 ,9.2 ,9.9 ,
Summer 2014,Staten Island, St. George and Stapleton (CD1),501,8.2 ,7.8 ,8.6 ,
Winter 2008-09,Staten Island, St. George and Stapleton (CD1),501,12.1 ,11.6 ,12.9 ,
Winter 2009-10,Staten Island, St. George and Stapleton (CD1),501,9.2 ,8.8 ,9.7 ,
Winter 2010-11,Staten Island, St. George and Stapleton (CD1),501,12.0 ,11.6 ,12.5 ,
Winter 2011-12,Staten Island, St. George and Stapleton (CD1),501,8.4 ,8.0 ,8.9 ,
Winter 2012-13,Staten Island, St. George and Stapleton (CD1),501,9.8 ,9.5 ,10.4 ,
Winter 2013-14,Staten Island, St. George and Stapleton (CD1),501,12.0 ,11.6 ,12.6 ,
Summer 2009,Manhattan, Stuyvesant Town and Turtle Bay (CD6),106,14.2 ,12.2 ,15.9 ,
Summer 2010,Manhattan, Stuyvesant Town and Turtle Bay (CD6),106,14.7 ,13.0 ,16.1 ,
Summer 2011,Manhattan, Stuyvesant Town and Turtle Bay (CD6),106,14.1 ,12.5 ,15.5 ,
Summer 2012,Manhattan, Stuyvesant Town and Turtle Bay (CD6),106,13.2 ,11.5 ,14.8 ,
Summer 2013,Manhattan, Stuyvesant Town and Turtle Bay (CD6),106,13.3 ,11.4 ,15.0 ,
Summer 2014,Manhattan, Stuyvesant Town and Turtle Bay (CD6),106,11.7 ,10.1 ,13.1 ,
Winter 2008-09,Manhattan, Stuyvesant Town and Turtle Bay (CD6),106,16.5 ,14.2 ,18.7 ,
Winter 2009-10,Manhattan, Stuyvesant Town and Turtle Bay (CD6),106,13.0 ,10.3 ,15.6 ,
Winter 2010-11,Manhattan, Stuyvesant Town and Turtle Bay (CD6),106,15.5 ,13.8 ,16.9 ,
Winter 2011-12,Manhattan, Stuyvesant Town and Turtle Bay (CD6),106,12.2 ,10.3 ,14.0 ,
Winter 2012-13,Manhattan, Stuyvesant Town and Turtle Bay (CD6),106,14.0 ,11.8 ,16.0 ,
Winter 2013-14,Manhattan, Stuyvesant Town and Turtle Bay (CD6),106,15.6 ,13.6 ,17.3 ,
Summer 2009,Brooklyn, Sunset Park (CD7),307,11.5 ,10.5 ,12.5 ,
Summer 2010,Brooklyn, Sunset Park (CD7),307,12.5 ,11.6 ,13.6 ,
Summer 2011,Brooklyn, Sunset Park (CD7),307,12.1 ,11.1 ,13.1 ,
Summer 2012,Brooklyn, Sunset Park (CD7),307,10.9 ,10.0 ,11.9 ,
Summer 2013,Brooklyn, Sunset Park (CD7),307,10.7 ,9.8 ,11.7 ,
Summer 2014,Brooklyn, Sunset Park (CD7),307,9.6 ,8.6 ,10.6 ,
Winter 2008-09,Brooklyn, Sunset Park (CD7),307,13.7 ,12.7 ,14.7 ,
Winter 2009-10,Brooklyn, Sunset Park (CD7),307,10.7 ,9.8 ,11.7 ,
Winter 2010-11,Brooklyn, Sunset Park (CD7),307,13.6 ,12.7 ,14.7 ,
Winter 2011-12,Brooklyn, Sunset Park (CD7),307,10.2 ,9.3 ,11.2 ,
Winter 2012-13,Brooklyn, Sunset Park (CD7),307,10.8 ,9.9 ,11.9 ,
Winter 2013-14,Brooklyn, Sunset Park (CD7),307,12.6 ,11.6 ,13.7 ,
Summer 2009,Bronx, Throgs Neck and Co-op City (CD10),210,10.4 ,9.5 ,11.3 ,
Summer 2010,Bronx, Throgs Neck and Co-op City (CD10),210,11.8 ,11.1 ,12.8 ,
Summer 2011,Bronx, Throgs Neck and Co-op City (CD10),210,11.4 ,10.7 ,12.4 ,
Summer 2012,Bronx, Throgs Neck and Co-op City (CD10),210,10.3 ,9.5 ,11.3 ,
Summer 2013,Bronx, Throgs Neck and Co-op City (CD10),210,10.3 ,9.5 ,11.2 ,
Summer 2014,Bronx, Throgs Neck and Co-op City (CD10),210,8.6 ,7.8 ,9.6 ,
Winter 2008-09,Bronx, Throgs Neck and Co-op City (CD10),210,13.0 ,11.9 ,14.1 ,
Winter 2009-10,Bronx, Throgs Neck and Co-op City (CD10),210,9.8 ,8.5 ,10.9 ,
Winter 2010-11,Bronx, Throgs Neck and Co-op City (CD10),210,13.1 ,12.1 ,14.2 ,
Winter 2011-12,Bronx, Throgs Neck and Co-op City (CD10),210,9.1 ,7.9 ,10.1 ,
Winter 2012-13,Bronx, Throgs Neck and Co-op City (CD10),210,10.3 ,9.2 ,11.4 ,
Winter 2013-14,Bronx, Throgs Neck and Co-op City (CD10),210,11.9 ,11.1 ,13.0 ,
Summer 2009,Staten Island, Tottenville and Great Kills (CD3),503,10.4 ,10.1 ,10.8 ,
Summer 2010,Staten Island, Tottenville and Great Kills (CD3),503,11.3 ,11.0 ,11.7 ,
Summer 2011,Staten Island, Tottenville and Great Kills (CD3),503,11.0 ,10.8 ,11.4 ,
Summer 2012,Staten Island, Tottenville and Great Kills (CD3),503,9.8 ,9.6 ,10.2 ,
Summer 2013,Staten Island, Tottenville and Great Kills (CD3),503,9.1 ,8.9 ,9.5 ,
Summer 2014,Staten Island, Tottenville and Great Kills (CD3),503,7.6 ,7.3 ,8.0 ,
Winter 2008-09,Staten Island, Tottenville and Great Kills (CD3),503,11.7 ,10.9 ,12.6 ,
Winter 2009-10,Staten Island, Tottenville and Great Kills (CD3),503,9.1 ,8.5 ,9.8 ,
Winter 2010-11,Staten Island, Tottenville and Great Kills (CD3),503,11.5 ,11.0 ,12.2 ,
Winter 2011-12,Staten Island, Tottenville and Great Kills (CD3),503,8.6 ,7.7 ,9.6 ,
Winter 2012-13,Staten Island, Tottenville and Great Kills (CD3),503,9.6 ,9.3 ,10.1 ,
Winter 2013-14,Staten Island, Tottenville and Great Kills (CD3),503,11.6 ,11.2 ,12.1 ,
Summer 2009,Manhattan, Upper East Side (CD8),108,12.9 ,11.7 ,13.9 ,
Summer 2010,Manhattan, Upper East Side (CD8),108,13.7 ,12.7 ,14.5 ,
Summer 2011,Manhattan, Upper East Side (CD8),108,13.1 ,12.2 ,14.0 ,
Summer 2012,Manhattan, Upper East Side (CD8),108,12.2 ,11.1 ,13.1 ,
Summer 2013,Manhattan, Upper East Side (CD8),108,12.2 ,11.1 ,13.1 ,
Summer 2014,Manhattan, Upper East Side (CD8),108,10.5 ,9.4 ,11.3 ,
Winter 2008-09,Manhattan, Upper East Side (CD8),108,15.3 ,13.9 ,16.4 ,
Winter 2009-10,Manhattan, Upper East Side (CD8),108,11.9 ,10.2 ,13.2 ,
Winter 2010-11,Manhattan, Upper East Side (CD8),108,14.7 ,13.6 ,15.5 ,
Winter 2011-12,Manhattan, Upper East Side (CD8),108,11.3 ,10.1 ,12.2 ,
Winter 2012-13,Manhattan, Upper East Side (CD8),108,13.1 ,11.8 ,14.1 ,
Winter 2013-14,Manhattan, Upper East Side (CD8),108,14.4 ,13.2 ,15.4 ,
Summer 2009,Manhattan, Upper West Side (CD7),107,12.1 ,11.7 ,12.5 ,
Summer 2010,Manhattan, Upper West Side (CD7),107,13.0 ,12.7 ,13.3 ,
Summer 2011,Manhattan, Upper West Side (CD7),107,12.5 ,12.1 ,12.8 ,
Summer 2012,Manhattan, Upper West Side (CD7),107,11.4 ,11.1 ,11.7 ,
Summer 2013,Manhattan, Upper West Side (CD7),107,11.4 ,11.0 ,11.7 ,
Summer 2014,Manhattan, Upper West Side (CD7),107,9.8 ,9.4 ,10.2 ,
Winter 2008-09,Manhattan, Upper West Side (CD7),107,14.7 ,14.2 ,15.1 ,
Winter 2009-10,Manhattan, Upper West Side (CD7),107,11.2 ,10.6 ,11.9 ,
Winter 2010-11,Manhattan, Upper West Side (CD7),107,14.3 ,14.0 ,14.7 ,
Winter 2011-12,Manhattan, Upper West Side (CD7),107,10.8 ,10.3 ,11.2 ,
Winter 2012-13,Manhattan, Upper West Side (CD7),107,12.6 ,12.2 ,12.9 ,
Winter 2013-14,Manhattan, Upper West Side (CD7),107,13.8 ,13.4 ,14.1 ,
Summer 2009,Manhattan, Washington Heights and Inwood (CD12),112,11.0 ,10.3 ,12.0 ,
Summer 2010,Manhattan, Washington Heights and Inwood (CD12),112,12.3 ,11.7 ,13.2 ,
Summer 2011,Manhattan, Washington Heights and Inwood (CD12),112,11.7 ,11.1 ,12.6 ,
Summer 2012,Manhattan, Washington Heights and Inwood (CD12),112,10.6 ,10.0 ,11.5 ,
Summer 2013,Manhattan, Washington Heights and Inwood (CD12),112,10.5 ,9.8 ,11.4 ,
Summer 2014,Manhattan, Washington Heights and Inwood (CD12),112,8.9 ,8.4 ,9.8 ,
Winter 2008-09,Manhattan, Washington Heights and Inwood (CD12),112,15.1 ,14.5 ,16.1 ,
Winter 2009-10,Manhattan, Washington Heights and Inwood (CD12),112,12.2 ,11.5 ,13.3 ,
Winter 2010-11,Manhattan, Washington Heights and Inwood (CD12),112,14.6 ,14.1 ,15.6 ,
Winter 2011-12,Manhattan, Washington Heights and Inwood (CD12),112,11.0 ,10.2 ,12.0 ,
Winter 2012-13,Manhattan, Washington Heights and Inwood (CD12),112,12.1 ,11.3 ,13.1 ,
Winter 2013-14,Manhattan, Washington Heights and Inwood (CD12),112,12.9 ,12.3 ,13.8 ,
Summer 2009,Bronx, Williamsbridge and Baychester (CD12),212,10.2 ,9.9 ,10.8 ,
Summer 2010,Bronx, Williamsbridge and Baychester (CD12),212,11.8 ,11.4 ,12.3 ,
Summer 2011,Bronx, Williamsbridge and Baychester (CD12),212,11.3 ,11.0 ,11.9 ,
Summer 2012,Bronx, Williamsbridge and Baychester (CD12),212,10.1 ,9.8 ,10.8 ,
Summer 2013,Bronx, Williamsbridge and Baychester (CD12),212,10.1 ,9.7 ,10.7 ,
Summer 2014,Bronx, Williamsbridge and Baychester (CD12),212,8.6 ,8.3 ,9.3 ,
Winter 2008-09,Bronx, Williamsbridge and Baychester (CD12),212,13.7 ,13.3 ,14.1 ,
Winter 2009-10,Bronx, Williamsbridge and Baychester (CD12),212,10.3 ,9.9 ,10.8 ,
Winter 2010-11,Bronx, Williamsbridge and Baychester (CD12),212,13.3 ,13.0 ,13.8 ,
Winter 2011-12,Bronx, Williamsbridge and Baychester (CD12),212,8.9 ,8.5 ,9.5 ,
Winter 2012-13,Bronx, Williamsbridge and Baychester (CD12),212,10.6 ,10.3 ,11.0 ,
Winter 2013-14,Bronx, Williamsbridge and Baychester (CD12),212,12.2 ,11.9 ,12.7 ,
Summer 2009,Queens, Woodside and Sunnyside (CD2),402,12.1 ,11.0 ,13.5 ,
Summer 2010,Queens, Woodside and Sunnyside (CD2),402,13.3 ,12.2 ,14.7 ,
Summer 2011,Queens, Woodside and Sunnyside (CD2),402,12.8 ,11.7 ,14.2 ,
Summer 2012,Queens, Woodside and Sunnyside (CD2),402,11.7 ,10.6 ,13.0 ,
Summer 2013,Queens, Woodside and Sunnyside (CD2),402,11.6 ,10.5 ,12.9 ,
Summer 2014,Queens, Woodside and Sunnyside (CD2),402,10.2 ,8.9 ,11.6 ,
Winter 2008-09,Queens, Woodside and Sunnyside (CD2),402,14.2 ,13.1 ,15.4 ,
Winter 2009-10,Queens, Woodside and Sunnyside (CD2),402,10.2 ,9.3 ,11.4 ,
Winter 2010-11,Queens, Woodside and Sunnyside (CD2),402,14.0 ,12.8 ,15.3 ,
Winter 2011-12,Queens, Woodside and Sunnyside (CD2),402,10.3 ,9.2 ,11.6 ,
Winter 2012-13,Queens, Woodside and Sunnyside (CD2),402,11.7 ,10.6 ,13.1 ,
Winter 2013-14,Queens, Woodside and Sunnyside (CD2),402,13.5 ,12.3 ,14.9 ,
